OrderID,Customer_Name,State,Country,Car_Model,Car_Company,Price,Color,Fuel_Type,Booking_Date,Delivery_Date,Payment_Mode,Insurance,Discount,Profit,GST,Total_Amount,Dealer_Name
O001,Meena Singh,Punjab,India,Innova,Toyota,2004861,Red,Petrol,30-09-2025,03-10-2025,EMI,Yes,42891,200486,360874,2322844,AutoHub Motors
O002,Neha Mehta,Uttarakhand,India,Bolero,Mahindra,712923,Black,Diesel,21-07-2025,09-08-2025,Loan,Yes,12477,71292,128326,828772,WheelWorld Cars
O003,Karan Verma,Bihar,India,Fortuner,Toyota,1444262,Grey,Electric,04-03-2025,07-03-2025,EMI,No,45696,144426,259967,1658533,AutoNation India
O004,Rahul Nair,Maharashtra,India,Nexon,Tata,2237785,Black,Petrol,01-03-2025,09-03-2025,Loan,No,37143,223778,402801,2603443,AutoHub Motors
O005,Anjali Verma,Assam,India,Glanza,Toyota,1970819,Red,Diesel,07-05-2025,15-05-2025,Cash,Yes,35552,197081,354747,2290014,AutoHub Motors
O006,Amit Kumar,Telangana,India,Bolero,Mahindra,552655,Blue,Electric,10-09-2025,28-09-2025,EMI,No,30472,55265,99477,621660,AutoHub Motors
O007,Vikas Sharma,Bihar,India,Innova,Toyota,1030056,White,CNG,16-04-2025,27-04-2025,Loan,Yes,14691,103005,185410,1200775,WheelWorld Cars
O008,Neha Das,Goa,India,Thar,Mahindra,1982077,Black,Diesel,19-04-2025,23-04-2025,Loan,No,34624,198207,356773,2304226,DriveX Showroom
O009,Arjun Singh,Telangana,India,Fortuner,Toyota,1445419,Black,Diesel,06-05-2025,10-05-2025,EMI,No,48826,144541,260175,1656768,AutoHub Motors
O010,Meena Reddy,Haryana,India,Sonet,Kia,1305026,Grey,Electric,04-07-2025,11-07-2025,Loan,Yes,21595,130502,234904,1518335,CarZone Pvt Ltd
O011,Meena Singh,Tripura,India,Seltos,Kia,1496650,White,CNG,03-09-2025,13-09-2025,EMI,Yes,14642,149665,269397,1751405,WheelWorld Cars
O012,Anjali Gupta,Manipur,India,Innova,Toyota,1967585,Grey,CNG,15-08-2025,18-08-2025,Loan,Yes,41911,196758,354165,2279839,CarZone Pvt Ltd
O013,Arjun Gupta,Madhya Pradesh,India,Verna,Hyundai,1436116,Red,Petrol,21-04-2025,27-04-2025,Loan,No,13345,143611,258500,1681271,CarZone Pvt Ltd
O014,Neha Nair,Nagaland,India,Altroz,Tata,2464964,Red,CNG,08-07-2025,20-07-2025,Cash,Yes,24509,246496,443693,2884148,WheelWorld Cars
O015,Priya Gupta,West Bengal,India,Venue,Hyundai,2467713,Grey,Diesel,12-09-2025,25-09-2025,EMI,No,45687,246771,444188,2866214,DriveX Showroom
O016,Priya Nair,Haryana,India,Bolero,Mahindra,700953,White,Electric,03-01-2025,12-01-2025,Cash,Yes,15399,70095,126171,811725,WheelWorld Cars
O017,Rahul Reddy,Karnataka,India,Verna,Hyundai,582004,Black,Electric,19-10-2025,27-10-2025,EMI,Yes,28956,58200,104760,657808,WheelWorld Cars
O018,Arjun Gupta,Mizoram,India,Innova,Toyota,1511283,Black,Diesel,25-10-2025,08-11-2025,Loan,Yes,24453,151128,272030,1758860,AutoHub Motors
O019,Anjali Patel,Gujarat,India,Swift,Maruti,967631,White,CNG,14-07-2025,22-07-2025,Cash,Yes,34577,96763,174173,1107227,AutoHub Motors
O020,Karan Kumar,Haryana,India,Venue,Hyundai,1633192,Black,Electric,28-05-2025,05-06-2025,Loan,No,20210,163319,293974,1906956,CarZone Pvt Ltd
O021,Rohit Nair,Tripura,India,Seltos,Kia,2064803,Blue,Electric,18-05-2025,28-05-2025,Loan,Yes,37451,206480,371664,2399016,CarZone Pvt Ltd
O022,Sneha Das,Chhattisgarh,India,Fortuner,Toyota,2062138,White,Electric,23-08-2025,07-09-2025,EMI,Yes,12171,206213,371184,2421151,CarZone Pvt Ltd
O023,Pooja Das,Bihar,India,Creta,Hyundai,1015719,Blue,Electric,22-03-2025,26-03-2025,EMI,Yes,16300,101571,182829,1182248,DriveX Showroom
O024,Karan Das,Madhya Pradesh,India,City,Honda,897375,Grey,CNG,19-07-2025,31-07-2025,EMI,Yes,20882,89737,161527,1038020,CarZone Pvt Ltd
O025,Pooja Verma,Chhattisgarh,India,Hyryder,Toyota,1687835,White,Electric,30-08-2025,08-09-2025,Cash,Yes,40644,168783,303810,1951001,DriveX Showroom
O026,Neha Mehta,Rajasthan,India,Verna,Hyundai,894290,Red,Electric,19-01-2025,01-02-2025,EMI,Yes,26703,89429,160972,1028559,AutoHub Motors
O027,Vikas Mehta,West Bengal,India,Punch,Tata,1135969,Grey,Petrol,27-09-2025,13-10-2025,Loan,Yes,42485,113596,204474,1297958,WheelWorld Cars
O028,Arjun Verma,Goa,India,Hyryder,Toyota,1530237,White,Electric,08-05-2025,20-05-2025,EMI,No,44869,153023,275442,1760810,WheelWorld Cars
O029,Rohit Mehta,Punjab,India,Scorpio,Mahindra,1628823,White,CNG,04-01-2025,15-01-2025,EMI,No,23995,162882,293188,1898016,WheelWorld Cars
O030,Priya Verma,Punjab,India,Scorpio,Mahindra,1567350,Grey,Petrol,04-09-2025,15-09-2025,Loan,No,23175,156735,282123,1826298,WheelWorld Cars
O031,Priya Verma,Mizoram,India,Verna,Hyundai,1232244,White,Petrol,28-04-2025,05-05-2025,Loan,Yes,22681,123224,221803,1431366,WheelWorld Cars
O032,Priya Nair,Jharkhand,India,Sonet,Kia,2303826,Black,Electric,09-03-2025,21-03-2025,Loan,Yes,16364,230382,414688,2702150,AutoNation India
O033,Sneha Mehta,Arunachal Pradesh,India,Verna,Hyundai,2055801,Silver,Diesel,22-03-2025,26-03-2025,Cash,No,29795,205580,370044,2396050,CarZone Pvt Ltd
O034,Pooja Mehta,Manipur,India,i20,Hyundai,1982522,Blue,Diesel,03-10-2025,20-10-2025,Loan,No,18248,198252,356853,2321127,WheelWorld Cars
O035,Pooja Gupta,Tripura,India,Dzire,Maruti,1388801,Grey,CNG,05-05-2025,10-05-2025,EMI,Yes,21635,138880,249984,1617150,AutoNation India
O036,Rohit Kumar,Goa,India,Venue,Hyundai,1293556,Red,Electric,01-10-2025,11-10-2025,Loan,No,16413,129355,232840,1509983,DriveX Showroom
O037,Karan Verma,Jharkhand,India,Punch,Tata,639012,Silver,Electric,27-08-2025,13-09-2025,Loan,No,31135,63901,115022,722899,AutoHub Motors
O038,Meena Mehta,Meghalaya,India,Swift,Maruti,664074,Red,Electric,27-02-2025,19-03-2025,EMI,No,29099,66407,119533,754508,CarZone Pvt Ltd
O039,Arjun Gupta,West Bengal,India,Amaze,Honda,1002007,Silver,CNG,27-02-2025,06-03-2025,EMI,No,48043,100200,180361,1134325,AutoNation India
O040,Arjun Gupta,Goa,India,Elevate,Honda,2145903,White,Electric,07-02-2025,23-02-2025,Loan,Yes,40839,214590,386262,2491326,CarZone Pvt Ltd
O041,Vikas Verma,Punjab,India,Innova,Toyota,627797,White,Diesel,28-08-2025,03-09-2025,Loan,No,19100,62779,113003,721700,AutoHub Motors
O042,Karan Reddy,Uttar Pradesh,India,Verna,Hyundai,970634,Blue,Petrol,30-09-2025,05-10-2025,Loan,Yes,49410,97063,174714,1095938,AutoNation India
O043,Amit Reddy,Andhra Pradesh,India,Scorpio,Mahindra,1076441,Red,Diesel,27-06-2025,03-07-2025,EMI,Yes,39910,107644,193759,1230290,AutoHub Motors
O044,Rohit Gupta,Rajasthan,India,Venue,Hyundai,1096344,Red,Electric,24-03-2025,31-03-2025,Cash,No,23487,109634,197341,1270198,CarZone Pvt Ltd
O045,Vikas Das,Sikkim,India,Bolero,Mahindra,928086,Grey,Diesel,13-06-2025,02-07-2025,Loan,Yes,35296,92808,167055,1059845,CarZone Pvt Ltd
O046,Vikas Verma,Kerala,India,Dzire,Maruti,1880301,Silver,Petrol,24-06-2025,11-07-2025,EMI,No,21261,188030,338454,2197494,WheelWorld Cars
O047,Rohit Singh,Jharkhand,India,City,Honda,1407116,Black,Petrol,26-04-2025,29-04-2025,Cash,Yes,19760,140711,253280,1640636,AutoNation India
O048,Karan Sharma,Sikkim,India,Carens,Kia,1855448,White,Petrol,29-08-2025,09-09-2025,Loan,No,45233,185544,333980,2144195,AutoHub Motors
O049,Sneha Patel,Odisha,India,Swift,Maruti,1218294,Silver,Electric,03-04-2025,17-04-2025,Cash,Yes,46323,121829,219292,1391263,WheelWorld Cars
O050,Meena Gupta,Uttarakhand,India,Elevate,Honda,2320703,White,Diesel,21-03-2025,05-04-2025,Cash,No,46008,232070,417726,2692421,DriveX Showroom
O051,Karan Reddy,Karnataka,India,Verna,Hyundai,1891626,Blue,Petrol,20-06-2025,24-06-2025,EMI,Yes,25373,189162,340492,2206745,AutoHub Motors
O052,Pooja Verma,Odisha,India,i20,Hyundai,1467283,Grey,Electric,11-03-2025,26-03-2025,Loan,Yes,48211,146728,264110,1683182,DriveX Showroom
O053,Rahul Reddy,Telangana,India,Hyryder,Toyota,1288119,White,Electric,10-08-2025,13-08-2025,Cash,No,43588,128811,231861,1476392,AutoNation India
O054,Meena Singh,Telangana,India,Nexon,Tata,2163573,Grey,Electric,19-06-2025,29-06-2025,EMI,Yes,37681,216357,389443,2515335,AutoNation India
O055,Meena Reddy,Sikkim,India,Thar,Mahindra,1833839,Red,Diesel,02-09-2025,22-09-2025,Cash,No,12850,183383,330091,2151080,DriveX Showroom
O056,Meena Singh,Arunachal Pradesh,India,Seltos,Kia,2233139,White,Diesel,05-06-2025,20-06-2025,Loan,No,28115,223313,401965,2606989,AutoHub Motors
O057,Amit Sharma,Odisha,India,Punch,Tata,1226132,Red,CNG,14-05-2025,28-05-2025,Loan,No,14181,122613,220703,1432654,WheelWorld Cars
O058,Karan Verma,Mizoram,India,Scorpio,Mahindra,2326355,Grey,Electric,16-03-2025,27-03-2025,EMI,No,35608,232635,418743,2709490,AutoNation India
O059,Vikas Reddy,Odisha,India,Harrier,Tata,895052,Black,Electric,23-03-2025,28-03-2025,EMI,Yes,44247,89505,161109,1011914,AutoNation India
O060,Sneha Reddy,Sikkim,India,Elevate,Honda,1976794,White,Petrol,11-06-2025,17-06-2025,EMI,No,21928,197679,355822,2310688,CarZone Pvt Ltd
O061,Arjun Verma,Mizoram,India,Verna,Hyundai,2438558,Red,CNG,07-10-2025,15-10-2025,Loan,Yes,44375,243855,438940,2833123,AutoNation India
O062,Pooja Reddy,Chhattisgarh,India,Sonet,Kia,1269417,Blue,Petrol,21-09-2025,03-10-2025,Cash,Yes,26841,126941,228495,1471071,WheelWorld Cars
O063,Arjun Nair,Bihar,India,Hyryder,Toyota,1773862,Black,CNG,04-08-2025,20-08-2025,Loan,No,26514,177386,319295,2066643,AutoHub Motors
O064,Arjun Patel,Arunachal Pradesh,India,Fortuner,Toyota,1027476,Red,Diesel,27-05-2025,30-05-2025,EMI,No,31501,102747,184945,1180920,DriveX Showroom
O065,Arjun Patel,West Bengal,India,Carens,Kia,979564,Red,Diesel,27-02-2025,10-03-2025,EMI,No,26644,97956,176321,1129241,CarZone Pvt Ltd
O066,Neha Mehta,Goa,India,Elevate,Honda,2456743,Red,Diesel,11-07-2025,15-07-2025,Loan,No,15401,245674,442213,2883555,DriveX Showroom
O067,Amit Singh,Goa,India,Swift,Maruti,1788621,Black,Electric,24-07-2025,02-08-2025,Cash,No,45807,178862,321951,2064765,WheelWorld Cars
O068,Rohit Mehta,Odisha,India,Verna,Hyundai,1851877,White,Diesel,02-10-2025,18-10-2025,Cash,Yes,25402,185187,333337,2159812,AutoHub Motors
O069,Anjali Singh,Uttarakhand,India,Innova,Toyota,1385035,Black,Diesel,12-07-2025,26-07-2025,Cash,No,23233,138503,249306,1611108,AutoNation India
O070,Sneha Verma,Odisha,India,Harrier,Tata,1124839,Red,Electric,07-08-2025,24-08-2025,Loan,Yes,14226,112483,202471,1313084,CarZone Pvt Ltd
O071,Vikas Mehta,Rajasthan,India,City,Honda,1325102,White,CNG,13-05-2025,22-05-2025,Loan,No,45220,132510,238518,1518400,AutoNation India
O072,Meena Das,Tripura,India,Carens,Kia,1759692,White,Petrol,12-03-2025,21-03-2025,Loan,No,19926,175969,316744,2056510,AutoHub Motors
O073,Karan Patel,Odisha,India,Harrier,Tata,2219312,Red,Petrol,17-05-2025,31-05-2025,Cash,Yes,41747,221931,399476,2577041,DriveX Showroom
O074,Priya Kumar,Gujarat,India,Scorpio,Mahindra,1579800,Blue,Electric,24-08-2025,13-09-2025,Cash,No,42608,157980,284364,1821556,AutoHub Motors
O075,Vikas Reddy,Kerala,India,Elevate,Honda,2112793,Grey,Diesel,04-09-2025,18-09-2025,Cash,Yes,46726,211279,380302,2446369,DriveX Showroom
O076,Sneha Mehta,Kerala,India,Carens,Kia,1799564,Silver,Diesel,25-06-2025,05-07-2025,EMI,No,12838,179956,323921,2110647,DriveX Showroom
O077,Rahul Verma,Uttarakhand,India,Creta,Hyundai,566013,Blue,Electric,10-01-2025,29-01-2025,Cash,Yes,48295,56601,101882,619600,CarZone Pvt Ltd
O078,Priya Singh,Nagaland,India,Harrier,Tata,1256894,Red,CNG,28-01-2025,14-02-2025,Cash,Yes,18554,125689,226240,1464580,CarZone Pvt Ltd
O079,Rahul Das,Goa,India,i20,Hyundai,1480598,Blue,Electric,13-08-2025,02-09-2025,Loan,Yes,44458,148059,266507,1702647,AutoNation India
O080,Amit Das,Madhya Pradesh,India,Elevate,Honda,1009900,Red,Diesel,27-02-2025,19-03-2025,Loan,No,42912,100990,181782,1148770,AutoHub Motors
O081,Priya Nair,Tamil Nadu,India,Carens,Kia,973103,White,Diesel,23-04-2025,01-05-2025,Cash,Yes,21569,97310,175158,1126692,WheelWorld Cars
O082,Sneha Mehta,Goa,India,Venue,Hyundai,1011598,Blue,CNG,23-03-2025,03-04-2025,Loan,Yes,24256,101159,182087,1169429,DriveX Showroom
O083,Sneha Reddy,West Bengal,India,Hyryder,Toyota,1510192,Silver,Petrol,10-07-2025,21-07-2025,Cash,Yes,22122,151019,271834,1759904,DriveX Showroom
O084,Rohit Mehta,Assam,India,Bolero,Mahindra,1847410,Blue,Electric,12-09-2025,25-09-2025,Loan,No,40951,184741,332533,2138992,DriveX Showroom
O085,Rohit Kumar,Karnataka,India,Punch,Tata,1461928,Blue,Diesel,30-08-2025,08-09-2025,Loan,Yes,37749,146192,263147,1687326,WheelWorld Cars
O086,Sneha Reddy,Tamil Nadu,India,Glanza,Toyota,1399677,Blue,CNG,26-03-2025,04-04-2025,EMI,Yes,19768,139967,251941,1631850,WheelWorld Cars
O087,Rahul Mehta,Andhra Pradesh,India,Scorpio,Mahindra,654444,Blue,CNG,22-03-2025,03-04-2025,EMI,No,49232,65444,117799,723011,WheelWorld Cars
O088,Meena Das,Manipur,India,Brezza,Maruti,2296446,Blue,Diesel,03-09-2025,08-09-2025,Cash,No,24324,229644,413360,2685482,DriveX Showroom
O089,Arjun Singh,Odisha,India,Bolero,Mahindra,1418608,Silver,Diesel,24-06-2025,13-07-2025,Loan,Yes,17040,141860,255349,1656917,CarZone Pvt Ltd
O090,Pooja Nair,Assam,India,Elevate,Honda,2449012,Black,CNG,16-07-2025,22-07-2025,Loan,Yes,13204,244901,440822,2876630,CarZone Pvt Ltd
O091,Amit Reddy,Goa,India,City,Honda,1993900,Black,Diesel,02-01-2025,10-01-2025,EMI,No,13917,199390,358902,2338885,WheelWorld Cars
O092,Arjun Patel,Odisha,India,Innova,Toyota,665376,Red,Diesel,06-10-2025,21-10-2025,Cash,No,13421,66537,119767,771722,WheelWorld Cars
O093,Meena Mehta,Bihar,India,Creta,Hyundai,1002399,Blue,CNG,04-09-2025,22-09-2025,EMI,Yes,10615,100239,180431,1172215,AutoHub Motors
O094,Anjali Gupta,Rajasthan,India,i20,Hyundai,2433803,Blue,Electric,26-09-2025,16-10-2025,Loan,No,37245,243380,438084,2834642,DriveX Showroom
O095,Priya Patel,Uttarakhand,India,Nexon,Tata,731659,Blue,Diesel,06-08-2025,16-08-2025,Cash,No,22477,73165,131698,840880,WheelWorld Cars
O096,Neha Kumar,Tripura,India,Punch,Tata,1388969,Blue,Diesel,15-02-2025,03-03-2025,Loan,No,30262,138896,250014,1608721,DriveX Showroom
O097,Amit Patel,Jharkhand,India,i20,Hyundai,2312582,Blue,CNG,25-09-2025,02-10-2025,Loan,No,32541,231258,416264,2696305,WheelWorld Cars
O098,Arjun Reddy,Telangana,India,Swift,Maruti,1685938,Red,Electric,01-10-2025,16-10-2025,Cash,No,43173,168593,303468,1946233,WheelWorld Cars
O099,Amit Nair,Sikkim,India,Baleno,Maruti,721668,White,Petrol,30-06-2025,08-07-2025,Loan,No,44341,72166,129900,807227,AutoNation India
O100,Amit Kumar,Tripura,India,Amaze,Honda,2381568,Grey,Electric,14-09-2025,02-10-2025,Cash,Yes,39890,238156,428682,2770360,CarZone Pvt Ltd
O101,Karan Kumar,Arunachal Pradesh,India,Brezza,Maruti,1418408,Grey,CNG,08-03-2025,19-03-2025,Cash,Yes,34620,141840,255313,1639101,AutoHub Motors
O102,Rahul Das,Mizoram,India,Baleno,Maruti,1887433,White,Petrol,26-09-2025,08-10-2025,EMI,No,25296,188743,339737,2201874,WheelWorld Cars
O103,Pooja Gupta,Punjab,India,Altroz,Tata,1660251,Blue,CNG,31-01-2025,09-02-2025,Loan,No,12851,166025,298845,1946245,DriveX Showroom
O104,Vikas Patel,Karnataka,India,Thar,Mahindra,1767754,Black,Electric,17-01-2025,02-02-2025,Cash,Yes,31740,176775,318195,2054209,WheelWorld Cars
O105,Amit Singh,Uttar Pradesh,India,Hyryder,Toyota,1282971,Red,Electric,26-09-2025,07-10-2025,Loan,Yes,14993,128297,230934,1498912,WheelWorld Cars
O106,Vikas Patel,Arunachal Pradesh,India,Brezza,Maruti,1901084,Silver,Diesel,02-05-2025,07-05-2025,Loan,No,19290,190108,342195,2223989,AutoNation India
O107,Priya Nair,Tamil Nadu,India,Nexon,Tata,1831731,Blue,Diesel,30-07-2025,05-08-2025,Loan,No,47427,183173,329711,2114015,DriveX Showroom
O108,Karan Gupta,Kerala,India,Venue,Hyundai,1323913,Silver,Electric,02-10-2025,11-10-2025,Cash,Yes,39943,132391,238304,1522274,DriveX Showroom
O109,Anjali Kumar,Rajasthan,India,Bolero,Mahindra,2365441,Black,CNG,30-07-2025,08-08-2025,Loan,Yes,47947,236544,425779,2743273,AutoHub Motors
O110,Meena Sharma,Andhra Pradesh,India,Swift,Maruti,2252240,Blue,Petrol,28-10-2025,05-11-2025,EMI,No,49317,225224,405403,2608326,DriveX Showroom
O111,Priya Nair,Maharashtra,India,Altroz,Tata,2465763,Grey,Electric,12-05-2025,17-05-2025,EMI,No,44627,246576,443837,2864973,CarZone Pvt Ltd
O112,Arjun Sharma,Uttar Pradesh,India,Seltos,Kia,1864644,Silver,Diesel,05-05-2025,11-05-2025,Cash,Yes,28609,186464,335635,2171670,DriveX Showroom
O113,Karan Gupta,Gujarat,India,Baleno,Maruti,1470379,Grey,Diesel,30-01-2025,15-02-2025,EMI,Yes,46069,147037,264668,1688978,AutoHub Motors
O114,Karan Kumar,Sikkim,India,Seltos,Kia,2228717,Silver,Electric,25-09-2025,30-09-2025,EMI,No,49901,222871,401169,2579985,WheelWorld Cars
O115,Meena Gupta,Manipur,India,Carens,Kia,1795806,Silver,Electric,29-08-2025,01-09-2025,Cash,Yes,41364,179580,323245,2077687,DriveX Showroom
O116,Neha Verma,Himachal Pradesh,India,XUV700,Mahindra,1567045,Black,CNG,20-06-2025,10-07-2025,Loan,No,48935,156704,282068,1800178,DriveX Showroom
O117,Sneha Sharma,Andhra Pradesh,India,Amaze,Honda,1427585,Blue,CNG,02-05-2025,07-05-2025,Cash,Yes,36745,142758,256965,1647805,WheelWorld Cars
O118,Priya Mehta,Manipur,India,Harrier,Tata,1820005,Red,CNG,20-10-2025,08-11-2025,Loan,No,11354,182000,327600,2136251,DriveX Showroom
O119,Anjali Reddy,Odisha,India,XUV700,Mahindra,1330916,Silver,Diesel,15-06-2025,23-06-2025,Cash,No,23765,133091,239564,1546715,CarZone Pvt Ltd
O120,Meena Gupta,Nagaland,India,Dzire,Maruti,1499994,Blue,Petrol,21-09-2025,01-10-2025,Loan,No,49166,149999,269998,1720826,AutoNation India
O121,Amit Kumar,Kerala,India,Venue,Hyundai,684316,Blue,CNG,08-08-2025,28-08-2025,Cash,Yes,42533,68431,123176,764959,AutoHub Motors
O122,Rahul Sharma,Goa,India,Dzire,Maruti,1012672,Silver,Petrol,16-09-2025,25-09-2025,Loan,No,48787,101267,182280,1146165,CarZone Pvt Ltd
O123,Vikas Sharma,Telangana,India,Seltos,Kia,1440537,Grey,Petrol,03-10-2025,06-10-2025,EMI,Yes,22870,144053,259296,1676963,CarZone Pvt Ltd
O124,Sneha Reddy,Madhya Pradesh,India,Dzire,Maruti,1630187,White,Diesel,27-08-2025,09-09-2025,Cash,Yes,30196,163018,293433,1893424,DriveX Showroom
O125,Arjun Kumar,Haryana,India,Thar,Mahindra,613971,Silver,Diesel,09-07-2025,14-07-2025,Cash,No,13678,61397,110514,710807,AutoNation India
O126,Pooja Nair,Karnataka,India,Brezza,Maruti,1579135,Black,Diesel,18-06-2025,04-07-2025,Cash,Yes,13807,157913,284244,1849572,AutoNation India
O127,Sneha Mehta,Karnataka,India,Baleno,Maruti,884063,Silver,CNG,08-02-2025,13-02-2025,Loan,No,49084,88406,159131,994110,AutoHub Motors
O128,Karan Kumar,Bihar,India,Swift,Maruti,998682,Grey,CNG,08-05-2025,21-05-2025,EMI,Yes,48541,99868,179762,1129903,AutoNation India
O129,Rohit Singh,Meghalaya,India,Bolero,Mahindra,1740038,Silver,Petrol,08-01-2025,24-01-2025,Loan,Yes,26044,174003,313206,2027200,AutoNation India
O130,Arjun Gupta,Maharashtra,India,i20,Hyundai,912619,Black,CNG,02-04-2025,21-04-2025,Loan,Yes,11047,91261,164271,1065843,DriveX Showroom
O131,Rohit Singh,Haryana,India,Bolero,Mahindra,1845988,Black,Petrol,14-02-2025,22-02-2025,Cash,Yes,42944,184598,332277,2135321,CarZone Pvt Ltd
O132,Pooja Das,Haryana,India,Nexon,Tata,1179530,Blue,CNG,15-03-2025,03-04-2025,Loan,Yes,20024,117953,212315,1371821,AutoHub Motors
O133,Rahul Gupta,Kerala,India,City,Honda,1915340,Black,Petrol,08-01-2025,22-01-2025,EMI,No,19727,191534,344761,2240374,AutoNation India
O134,Vikas Sharma,Punjab,India,Bolero,Mahindra,794209,Silver,Electric,06-04-2025,26-04-2025,EMI,Yes,15302,79420,142957,921864,WheelWorld Cars
O135,Pooja Kumar,Tripura,India,Scorpio,Mahindra,1304289,Blue,CNG,28-02-2025,14-03-2025,EMI,No,39788,130428,234772,1499273,AutoHub Motors
O136,Rohit Verma,Assam,India,Sonet,Kia,1934528,Red,CNG,04-08-2025,08-08-2025,Loan,No,28273,193452,348215,2254470,DriveX Showroom
O137,Sneha Singh,Punjab,India,Thar,Mahindra,2209825,Red,CNG,29-08-2025,15-09-2025,Loan,No,48385,220982,397768,2559208,WheelWorld Cars
O138,Karan Nair,Madhya Pradesh,India,Amaze,Honda,990600,Silver,CNG,16-04-2025,25-04-2025,Loan,Yes,29992,99060,178308,1138916,AutoHub Motors
O139,Arjun Mehta,Sikkim,India,Amaze,Honda,915650,Grey,Electric,14-09-2025,21-09-2025,Cash,Yes,47775,91565,164817,1032692,AutoHub Motors
O140,Vikas Mehta,Haryana,India,Scorpio,Mahindra,644557,Silver,CNG,02-10-2025,07-10-2025,Loan,No,17127,64455,116020,743450,WheelWorld Cars
O141,Priya Patel,Punjab,India,Seltos,Kia,2368681,White,CNG,15-03-2025,31-03-2025,Cash,Yes,46208,236868,426362,2748835,CarZone Pvt Ltd
O142,Pooja Gupta,Arunachal Pradesh,India,XUV700,Mahindra,1567407,Red,Electric,30-01-2025,08-02-2025,Cash,No,39502,156740,282133,1810038,DriveX Showroom
O143,Pooja Verma,Haryana,India,Thar,Mahindra,1332115,Black,Electric,14-08-2025,27-08-2025,Cash,No,12500,133211,239780,1559395,DriveX Showroom
O144,Sneha Kumar,Tamil Nadu,India,Harrier,Tata,553842,Black,CNG,13-06-2025,27-06-2025,Loan,Yes,20804,55384,99691,632729,AutoHub Motors
O145,Priya Verma,Arunachal Pradesh,India,City,Honda,1491227,Red,Diesel,13-08-2025,18-08-2025,Cash,No,13395,149122,268420,1746252,WheelWorld Cars
O146,Vikas Singh,Telangana,India,Bolero,Mahindra,2045109,White,CNG,07-10-2025,18-10-2025,Cash,Yes,33545,204510,368119,2379683,DriveX Showroom
O147,Neha Gupta,Tripura,India,Amaze,Honda,991445,Silver,Electric,25-01-2025,30-01-2025,Loan,No,39571,99144,178460,1130334,AutoNation India
O148,Arjun Nair,Tripura,India,Bolero,Mahindra,2177325,Silver,CNG,04-03-2025,14-03-2025,EMI,Yes,10917,217732,391918,2558326,WheelWorld Cars
O149,Pooja Mehta,Bihar,India,Carens,Kia,690400,Silver,Electric,01-08-2025,09-08-2025,EMI,No,12736,69040,124272,801936,AutoHub Motors
O150,Meena Gupta,Uttarakhand,India,Creta,Hyundai,2259834,Blue,Diesel,27-06-2025,07-07-2025,EMI,No,10546,225983,406770,2656058,AutoNation India
O151,Vikas Kumar,Uttar Pradesh,India,Thar,Mahindra,2074964,Red,Electric,25-10-2025,28-10-2025,EMI,Yes,35154,207496,373493,2413303,AutoHub Motors
O152,Vikas Verma,Bihar,India,Carens,Kia,1845435,Black,Electric,21-06-2025,25-06-2025,EMI,No,21651,184543,332178,2155962,AutoHub Motors
O153,Neha Nair,Maharashtra,India,Nexon,Tata,664375,Black,CNG,18-10-2025,30-10-2025,EMI,Yes,34991,66437,119587,748971,CarZone Pvt Ltd
O154,Meena Patel,Karnataka,India,Dzire,Maruti,863613,Grey,Diesel,19-02-2025,22-02-2025,Loan,No,20264,86361,155450,998799,DriveX Showroom
O155,Priya Kumar,Punjab,India,Carens,Kia,1663127,White,Petrol,11-02-2025,17-02-2025,EMI,No,24249,166312,299362,1938240,AutoHub Motors
O156,Karan Singh,Arunachal Pradesh,India,Fortuner,Toyota,1047731,Black,CNG,25-08-2025,28-08-2025,Loan,Yes,24683,104773,188591,1211639,DriveX Showroom
O157,Vikas Nair,Punjab,India,Sonet,Kia,524557,Red,Diesel,09-10-2025,25-10-2025,Cash,Yes,38546,52455,94420,580431,WheelWorld Cars
O158,Sneha Gupta,Odisha,India,Carens,Kia,2159700,Red,CNG,01-02-2025,15-02-2025,Loan,No,26734,215970,388746,2521712,AutoHub Motors
O159,Sneha Reddy,West Bengal,India,Thar,Mahindra,1064369,Blue,Petrol,20-10-2025,08-11-2025,Cash,Yes,43287,106436,191586,1212668,WheelWorld Cars
O160,Sneha Reddy,Himachal Pradesh,India,Harrier,Tata,2115172,Black,Petrol,16-03-2025,23-03-2025,EMI,No,36139,211517,380730,2459763,WheelWorld Cars
O161,Pooja Mehta,Tamil Nadu,India,Glanza,Toyota,1632383,White,Electric,21-10-2025,27-10-2025,EMI,No,14822,163238,293828,1911389,CarZone Pvt Ltd
O162,Karan Nair,Chhattisgarh,India,Glanza,Toyota,2394479,Silver,Petrol,07-01-2025,17-01-2025,EMI,Yes,24584,239447,431006,2800901,WheelWorld Cars
O163,Vikas Sharma,Rajasthan,India,Harrier,Tata,2041361,Silver,Electric,02-04-2025,10-04-2025,Cash,No,49384,204136,367444,2359421,AutoNation India
O164,Sneha Das,Himachal Pradesh,India,Amaze,Honda,1667604,Blue,Electric,08-06-2025,24-06-2025,Loan,No,36117,166760,300168,1931655,DriveX Showroom
O165,Neha Nair,West Bengal,India,Brezza,Maruti,1642301,Black,CNG,08-04-2025,12-04-2025,Cash,No,45562,164230,295614,1892353,DriveX Showroom
O166,Priya Gupta,Sikkim,India,Scorpio,Mahindra,748439,Grey,Diesel,06-09-2025,22-09-2025,Loan,Yes,45882,74843,134719,837276,CarZone Pvt Ltd
O167,Karan Singh,Arunachal Pradesh,India,Dzire,Maruti,1745285,Silver,Petrol,23-04-2025,12-05-2025,EMI,Yes,11165,174528,314151,2048271,WheelWorld Cars
O168,Rahul Mehta,Nagaland,India,XUV700,Mahindra,1830236,White,CNG,28-08-2025,06-09-2025,EMI,No,36253,183023,329442,2123425,AutoNation India
O169,Amit Sharma,Himachal Pradesh,India,Innova,Toyota,2121329,Black,CNG,24-02-2025,27-02-2025,Cash,Yes,16848,212132,381839,2486320,DriveX Showroom
O170,Neha Das,Meghalaya,India,Glanza,Toyota,985662,Black,Petrol,24-09-2025,05-10-2025,Cash,Yes,24819,98566,177419,1138262,AutoNation India
O171,Amit Kumar,Arunachal Pradesh,India,Baleno,Maruti,1028229,Silver,CNG,29-06-2025,09-07-2025,Cash,Yes,19870,102822,185081,1193440,DriveX Showroom
O172,Meena Sharma,Uttar Pradesh,India,Elevate,Honda,800540,Grey,Electric,20-03-2025,05-04-2025,EMI,No,31962,80054,144097,912675,CarZone Pvt Ltd
O173,Priya Reddy,Bihar,India,Brezza,Maruti,1058094,White,Petrol,25-05-2025,29-05-2025,EMI,No,46295,105809,190456,1202255,WheelWorld Cars
O174,Sneha Kumar,Odisha,India,Verna,Hyundai,2121123,Silver,Diesel,19-06-2025,02-07-2025,Cash,No,19055,212112,381802,2483870,AutoNation India
O175,Pooja Verma,Chhattisgarh,India,Thar,Mahindra,1368712,White,Petrol,12-02-2025,15-02-2025,Cash,Yes,31931,136871,246368,1583149,DriveX Showroom
O176,Pooja Patel,Rajasthan,India,Carens,Kia,1790279,Grey,Electric,05-02-2025,23-02-2025,EMI,Yes,19258,179027,322250,2093271,WheelWorld Cars
O177,Pooja Reddy,Maharashtra,India,Carens,Kia,544500,Blue,Diesel,11-08-2025,19-08-2025,EMI,Yes,14567,54450,98010,627943,AutoNation India
O178,Vikas Das,Tamil Nadu,India,Thar,Mahindra,2191839,White,Petrol,22-02-2025,28-02-2025,Loan,Yes,43051,219183,394531,2543319,AutoHub Motors
O179,Meena Gupta,Uttar Pradesh,India,Sonet,Kia,771810,Black,CNG,08-04-2025,21-04-2025,Loan,No,25327,77181,138925,885408,AutoNation India
O180,Sneha Das,Goa,India,City,Honda,1406591,Grey,Petrol,14-08-2025,21-08-2025,EMI,Yes,29899,140659,253186,1629878,CarZone Pvt Ltd
O181,Pooja Gupta,Meghalaya,India,Creta,Hyundai,2175194,Grey,Diesel,16-10-2025,27-10-2025,EMI,Yes,39471,217519,391534,2527257,WheelWorld Cars
O182,Vikas Mehta,Punjab,India,Carens,Kia,1944738,White,Diesel,12-02-2025,28-02-2025,EMI,No,45413,194473,350052,2249377,WheelWorld Cars
O183,Sneha Mehta,Uttarakhand,India,Bolero,Mahindra,1853167,Blue,Electric,06-10-2025,20-10-2025,Cash,No,20213,185316,333570,2166524,WheelWorld Cars
O184,Sneha Nair,Mizoram,India,Elevate,Honda,1130707,Blue,Diesel,13-07-2025,30-07-2025,EMI,No,25329,113070,203527,1308905,CarZone Pvt Ltd
O185,Sneha Kumar,Uttar Pradesh,India,Innova,Toyota,1151701,Blue,CNG,03-09-2025,08-09-2025,Loan,No,42574,115170,207306,1316433,DriveX Showroom
O186,Pooja Singh,Chhattisgarh,India,Dzire,Maruti,1884393,Black,Diesel,05-09-2025,22-09-2025,Cash,No,24822,188439,339190,2198761,DriveX Showroom
O187,Rahul Das,West Bengal,India,Hyryder,Toyota,1857728,Silver,CNG,30-04-2025,10-05-2025,Loan,No,18595,185772,334391,2173524,CarZone Pvt Ltd
O188,Rohit Singh,Punjab,India,Thar,Mahindra,1617645,Grey,Diesel,09-02-2025,20-02-2025,Loan,Yes,38991,161764,291176,1869830,AutoNation India
O189,Meena Verma,Madhya Pradesh,India,Sonet,Kia,2036343,Grey,Electric,17-10-2025,23-10-2025,EMI,No,30175,203634,366541,2372709,AutoNation India
O190,Amit Gupta,Rajasthan,India,i20,Hyundai,1455379,Silver,Electric,17-07-2025,25-07-2025,Loan,Yes,19043,145537,261968,1698304,AutoHub Motors
O191,Arjun Patel,Nagaland,India,Verna,Hyundai,805499,White,CNG,20-02-2025,04-03-2025,EMI,Yes,15319,80549,144989,935169,DriveX Showroom
O192,Arjun Sharma,Bihar,India,Fortuner,Toyota,2115586,Silver,Diesel,04-10-2025,14-10-2025,Loan,Yes,39520,211558,380805,2456871,AutoHub Motors
O193,Anjali Das,Chhattisgarh,India,Baleno,Maruti,1682185,Black,Petrol,15-01-2025,18-01-2025,Cash,Yes,43844,168218,302793,1941134,CarZone Pvt Ltd
O194,Rohit Singh,Mizoram,India,Elevate,Honda,1399354,Red,Diesel,24-05-2025,03-06-2025,Cash,Yes,33540,139935,251883,1617697,AutoHub Motors
O195,Arjun Kumar,Punjab,India,Harrier,Tata,1526955,Grey,Electric,28-04-2025,12-05-2025,Loan,Yes,14308,152695,274851,1787498,WheelWorld Cars
O196,Amit Das,Kerala,India,Verna,Hyundai,1680951,Red,Electric,31-07-2025,04-08-2025,EMI,Yes,36864,168095,302571,1946658,DriveX Showroom
O197,Karan Kumar,Manipur,India,XUV700,Mahindra,1969549,Blue,Diesel,22-10-2025,31-10-2025,Loan,No,22360,196954,354518,2301707,CarZone Pvt Ltd
O198,Vikas Reddy,Sikkim,India,Swift,Maruti,2467565,Blue,Electric,19-02-2025,04-03-2025,Cash,No,38680,246756,444161,2873046,CarZone Pvt Ltd
O199,Karan Mehta,Rajasthan,India,Altroz,Tata,2013083,Black,Electric,27-04-2025,05-05-2025,Cash,No,24760,201308,362354,2350677,DriveX Showroom
O200,Neha Gupta,Arunachal Pradesh,India,Seltos,Kia,611925,White,CNG,23-10-2025,02-11-2025,Cash,No,10489,61192,110146,711582,WheelWorld Cars
O201,Anjali Das,Goa,India,Baleno,Maruti,1992010,Silver,CNG,13-07-2025,24-07-2025,Loan,No,22536,199201,358561,2328035,WheelWorld Cars
O202,Vikas Sharma,Andhra Pradesh,India,Amaze,Honda,1316249,Red,Petrol,17-10-2025,30-10-2025,EMI,No,12118,131624,236924,1541055,AutoNation India
O203,Neha Verma,Himachal Pradesh,India,Verna,Hyundai,762279,White,CNG,01-08-2025,04-08-2025,EMI,No,19559,76227,137210,879930,WheelWorld Cars
O204,Meena Gupta,Punjab,India,Seltos,Kia,1081176,Grey,Diesel,11-05-2025,14-05-2025,Loan,No,24694,108117,194611,1251093,AutoHub Motors
O205,Rahul Sharma,Telangana,India,City,Honda,2270711,Red,Diesel,25-06-2025,07-07-2025,Cash,No,40858,227071,408727,2638580,AutoNation India
O206,Meena Patel,Assam,India,City,Honda,1207480,Red,Petrol,26-05-2025,10-06-2025,Loan,Yes,26208,120748,217346,1398618,CarZone Pvt Ltd
O207,Rahul Singh,Assam,India,Swift,Maruti,1068481,White,Electric,27-04-2025,13-05-2025,Cash,No,38058,106848,192326,1222749,DriveX Showroom
O208,Meena Kumar,Karnataka,India,Harrier,Tata,2143978,Blue,Electric,13-04-2025,26-04-2025,Cash,Yes,28025,214397,385916,2501869,AutoHub Motors
O209,Rahul Verma,Chhattisgarh,India,Venue,Hyundai,1098344,Grey,CNG,10-01-2025,26-01-2025,Cash,Yes,20847,109834,197701,1275198,WheelWorld Cars
O210,Pooja Sharma,Odisha,India,Sonet,Kia,1682516,Silver,CNG,15-03-2025,19-03-2025,Cash,Yes,28354,168251,302852,1957014,CarZone Pvt Ltd
O211,Arjun Reddy,Manipur,India,Brezza,Maruti,1921305,Grey,Electric,25-03-2025,09-04-2025,Cash,Yes,38014,192130,345834,2229125,DriveX Showroom
O212,Rahul Verma,Uttar Pradesh,India,Carens,Kia,1720056,Blue,Diesel,07-02-2025,25-02-2025,EMI,No,40862,172005,309610,1988804,CarZone Pvt Ltd
O213,Rahul Reddy,Andhra Pradesh,India,Swift,Maruti,2415893,Grey,CNG,18-03-2025,07-04-2025,Cash,Yes,26930,241589,434860,2823823,CarZone Pvt Ltd
O214,Sneha Das,Kerala,India,Altroz,Tata,896215,Grey,Electric,11-04-2025,22-04-2025,EMI,No,39753,89621,161318,1017780,AutoNation India
O215,Amit Reddy,Uttarakhand,India,XUV700,Mahindra,2382637,Silver,Petrol,01-08-2025,07-08-2025,Cash,Yes,49553,238263,428874,2761958,AutoNation India
O216,Rahul Singh,Odisha,India,Seltos,Kia,1493621,Silver,CNG,28-06-2025,12-07-2025,EMI,No,30459,149362,268851,1732013,AutoNation India
O217,Karan Verma,Himachal Pradesh,India,i20,Hyundai,1509591,Silver,CNG,25-01-2025,06-02-2025,Cash,Yes,44683,150959,271726,1736634,CarZone Pvt Ltd
O218,Neha Singh,Kerala,India,Sonet,Kia,1274297,Red,Electric,14-06-2025,02-07-2025,EMI,No,20999,127429,229373,1482671,WheelWorld Cars
O219,Anjali Mehta,Maharashtra,India,Venue,Hyundai,1189691,Black,CNG,03-08-2025,17-08-2025,EMI,No,40821,118969,214144,1363014,DriveX Showroom
O220,Priya Kumar,Madhya Pradesh,India,Verna,Hyundai,1365058,White,Petrol,18-04-2025,28-04-2025,Loan,No,22035,136505,245710,1588733,AutoNation India
O221,Karan Gupta,Nagaland,India,Elevate,Honda,921440,White,CNG,29-05-2025,18-06-2025,EMI,No,39460,92144,165859,1047839,WheelWorld Cars
O222,Neha Singh,Sikkim,India,Baleno,Maruti,1206141,White,CNG,08-04-2025,24-04-2025,Loan,No,28897,120614,217105,1394349,AutoHub Motors
O223,Priya Sharma,Haryana,India,Swift,Maruti,2172401,Blue,CNG,01-01-2025,17-01-2025,Loan,No,26015,217240,391032,2537418,CarZone Pvt Ltd
O224,Arjun Gupta,Maharashtra,India,Punch,Tata,762779,Blue,Electric,19-07-2025,07-08-2025,EMI,No,42689,76277,137300,857390,DriveX Showroom
O225,Rohit Kumar,Sikkim,India,Venue,Hyundai,918599,Black,Petrol,16-10-2025,26-10-2025,Loan,No,44411,91859,165347,1039535,WheelWorld Cars
O226,Anjali Verma,Manipur,India,Thar,Mahindra,786442,Grey,CNG,08-09-2025,18-09-2025,Cash,Yes,17053,78644,141559,910948,CarZone Pvt Ltd
O227,Priya Mehta,Tripura,India,Altroz,Tata,2186100,Black,Diesel,01-07-2025,12-07-2025,EMI,Yes,12178,218610,393498,2567420,AutoNation India
O228,Priya Mehta,Mizoram,India,Brezza,Maruti,1189713,Grey,Petrol,16-10-2025,22-10-2025,Cash,Yes,31059,118971,214148,1372802,WheelWorld Cars
O229,Sneha Kumar,Kerala,India,Scorpio,Mahindra,506953,Red,Electric,21-08-2025,26-08-2025,Cash,No,35260,50695,91251,562944,CarZone Pvt Ltd
O230,Pooja Verma,Andhra Pradesh,India,Elevate,Honda,1458242,Silver,Diesel,15-01-2025,18-01-2025,Loan,Yes,38473,145824,262483,1682252,CarZone Pvt Ltd
O231,Neha Verma,Haryana,India,Elevate,Honda,1896543,Red,Petrol,22-09-2025,02-10-2025,Loan,No,38958,189654,341377,2198962,AutoHub Motors
O232,Rohit Singh,Mizoram,India,Creta,Hyundai,1049357,Blue,Petrol,16-03-2025,30-03-2025,EMI,No,12753,104935,188884,1225488,AutoHub Motors
O233,Arjun Sharma,Arunachal Pradesh,India,City,Honda,1390634,Black,Diesel,31-07-2025,17-08-2025,Loan,Yes,41388,139063,250314,1599560,CarZone Pvt Ltd
O234,Anjali Das,Goa,India,Scorpio,Mahindra,2215268,Blue,CNG,15-05-2025,19-05-2025,Loan,No,43964,221526,398748,2570052,AutoNation India
O235,Anjali Verma,Sikkim,India,Brezza,Maruti,2419426,Blue,Diesel,13-02-2025,16-02-2025,Cash,Yes,38991,241942,435496,2815931,WheelWorld Cars
O236,Priya Sharma,Assam,India,i20,Hyundai,1427396,Silver,CNG,03-01-2025,06-01-2025,Cash,No,14243,142739,256931,1670084,AutoHub Motors
O237,Arjun Sharma,Tripura,India,XUV700,Mahindra,2150410,White,Diesel,12-10-2025,31-10-2025,Loan,No,20630,215041,387073,2516853,CarZone Pvt Ltd
O238,Karan Reddy,Telangana,India,Verna,Hyundai,716797,Grey,Diesel,21-07-2025,27-07-2025,EMI,No,18553,71679,129023,827267,CarZone Pvt Ltd
O239,Amit Sharma,Tamil Nadu,India,Nexon,Tata,1731170,Black,CNG,17-02-2025,22-02-2025,Cash,Yes,18253,173117,311610,2024527,AutoHub Motors
O240,Priya Kumar,Odisha,India,Carens,Kia,2030630,Blue,Petrol,04-05-2025,22-05-2025,Cash,Yes,32790,203063,365513,2363353,CarZone Pvt Ltd
O241,Karan Nair,Manipur,India,Bolero,Mahindra,738174,Red,Petrol,06-01-2025,22-01-2025,EMI,Yes,21441,73817,132871,849604,DriveX Showroom
O242,Priya Singh,Uttar Pradesh,India,Altroz,Tata,1567122,Grey,CNG,18-08-2025,04-09-2025,Cash,No,39049,156712,282081,1810154,WheelWorld Cars
O243,Pooja Kumar,Gujarat,India,Swift,Maruti,554675,Blue,Diesel,09-04-2025,19-04-2025,EMI,Yes,15113,55467,99841,639403,CarZone Pvt Ltd
O244,Rahul Kumar,Kerala,India,Seltos,Kia,1643716,Red,Electric,24-06-2025,29-06-2025,EMI,Yes,34084,164371,295868,1905500,AutoNation India
O245,Vikas Gupta,Mizoram,India,Hyryder,Toyota,886672,Silver,Diesel,22-02-2025,08-03-2025,Loan,Yes,15582,88667,159600,1030690,DriveX Showroom
O246,Pooja Reddy,Uttarakhand,India,i20,Hyundai,1296670,Silver,CNG,14-03-2025,30-03-2025,Loan,No,35776,129667,233400,1494294,WheelWorld Cars
O247,Arjun Kumar,Jharkhand,India,Venue,Hyundai,1136942,Grey,Petrol,09-01-2025,19-01-2025,EMI,Yes,46818,113694,204649,1294773,DriveX Showroom
O248,Priya Singh,Kerala,India,Dzire,Maruti,964467,Silver,Petrol,26-08-2025,29-08-2025,EMI,No,49204,96446,173604,1088867,CarZone Pvt Ltd
O249,Pooja Sharma,Karnataka,India,i20,Hyundai,1839991,Black,Diesel,09-10-2025,28-10-2025,EMI,No,24246,183999,331198,2146943,AutoHub Motors
O250,Neha Reddy,Arunachal Pradesh,India,Dzire,Maruti,1086654,Red,Diesel,04-03-2025,13-03-2025,Loan,No,22170,108665,195597,1260081,WheelWorld Cars
O251,Karan Mehta,Bihar,India,Altroz,Tata,1956824,Red,Petrol,15-03-2025,28-03-2025,EMI,No,45446,195682,352228,2263606,AutoNation India
O252,Anjali Kumar,Rajasthan,India,Punch,Tata,2364594,Silver,Diesel,12-05-2025,29-05-2025,EMI,Yes,42786,236459,425626,2747434,DriveX Showroom
O253,Vikas Patel,Rajasthan,India,Harrier,Tata,799356,Blue,Petrol,02-06-2025,09-06-2025,EMI,Yes,44420,79935,143884,898820,AutoNation India
O254,Vikas Gupta,Uttarakhand,India,Carens,Kia,1270576,Blue,CNG,09-08-2025,17-08-2025,EMI,No,45436,127057,228703,1453843,DriveX Showroom
O255,Amit Reddy,Chhattisgarh,India,Nexon,Tata,1849498,Grey,CNG,17-02-2025,05-03-2025,Loan,No,36069,184949,332909,2146338,AutoHub Motors
O256,Pooja Kumar,Odisha,India,Swift,Maruti,1850017,Black,Electric,02-07-2025,13-07-2025,Cash,Yes,38835,185001,333003,2144185,WheelWorld Cars
O257,Rahul Kumar,Rajasthan,India,Altroz,Tata,557775,White,Petrol,31-05-2025,03-06-2025,Cash,No,49824,55777,100399,608350,DriveX Showroom
O258,Pooja Kumar,Madhya Pradesh,India,Hyryder,Toyota,1529451,Grey,Petrol,26-05-2025,12-06-2025,Cash,Yes,28814,152945,275301,1775938,AutoNation India
O259,Anjali Das,Odisha,India,City,Honda,2479319,Red,CNG,28-08-2025,07-09-2025,EMI,Yes,48588,247931,446277,2877008,AutoNation India
O260,Vikas Sharma,Assam,India,Carens,Kia,2035469,White,CNG,25-10-2025,01-11-2025,Loan,Yes,12255,203546,366384,2389598,WheelWorld Cars
O261,Neha Mehta,Maharashtra,India,Dzire,Maruti,734137,Grey,Petrol,27-05-2025,08-06-2025,Loan,No,47593,73413,132144,818688,AutoNation India
O262,Meena Verma,Maharashtra,India,Scorpio,Mahindra,508121,Silver,Diesel,01-05-2025,13-05-2025,Loan,Yes,27057,50812,91461,572525,AutoNation India
O263,Karan Singh,Uttarakhand,India,Scorpio,Mahindra,2342803,Silver,CNG,02-04-2025,07-04-2025,Loan,No,40547,234280,421704,2723960,DriveX Showroom
O264,Amit Das,Himachal Pradesh,India,Altroz,Tata,2307388,Red,Diesel,17-02-2025,03-03-2025,EMI,No,26726,230738,415329,2695991,CarZone Pvt Ltd
O265,Rohit Das,Rajasthan,India,Nexon,Tata,666435,White,Diesel,06-09-2025,25-09-2025,EMI,No,39697,66643,119958,746696,DriveX Showroom
O266,Priya Mehta,Nagaland,India,Elevate,Honda,1980708,Silver,CNG,24-05-2025,29-05-2025,EMI,Yes,30068,198070,356527,2307167,WheelWorld Cars
O267,Vikas Verma,Telangana,India,i20,Hyundai,1724297,White,CNG,15-10-2025,30-10-2025,Cash,Yes,29524,172429,310373,2005146,CarZone Pvt Ltd
O268,Anjali Singh,Haryana,India,Innova,Toyota,1545177,Blue,Petrol,19-10-2025,06-11-2025,Cash,No,21648,154517,278131,1801660,DriveX Showroom
O269,Anjali Verma,Assam,India,Verna,Hyundai,2046606,Red,Petrol,30-06-2025,17-07-2025,Cash,No,10145,204660,368389,2404850,DriveX Showroom
O270,Arjun Verma,Jharkhand,India,Swift,Maruti,1204662,White,Diesel,26-08-2025,01-09-2025,Loan,No,19791,120466,216839,1401710,CarZone Pvt Ltd
O271,Rohit Reddy,Sikkim,India,Baleno,Maruti,2212123,Blue,Electric,27-04-2025,14-05-2025,Cash,No,47507,221212,398182,2562798,DriveX Showroom
O272,Amit Reddy,Arunachal Pradesh,India,Amaze,Honda,545205,Silver,CNG,20-03-2025,09-04-2025,Cash,Yes,17169,54520,98136,626172,DriveX Showroom
O273,Anjali Das,Andhra Pradesh,India,Glanza,Toyota,1180920,Red,CNG,04-10-2025,24-10-2025,Cash,Yes,24391,118092,212565,1369094,DriveX Showroom
O274,Neha Gupta,Uttarakhand,India,Hyryder,Toyota,1403357,Black,CNG,28-10-2025,17-11-2025,Cash,Yes,37421,140335,252604,1618540,WheelWorld Cars
O275,Priya Verma,Telangana,India,Elevate,Honda,999870,Grey,Electric,25-07-2025,12-08-2025,EMI,No,29143,99987,179976,1150703,AutoNation India
O276,Vikas Verma,Meghalaya,India,Brezza,Maruti,1711823,Silver,Electric,28-02-2025,07-03-2025,Loan,No,13223,171182,308128,2006728,AutoHub Motors
O277,Sneha Reddy,Karnataka,India,Baleno,Maruti,2493610,Silver,Electric,10-02-2025,02-03-2025,EMI,Yes,12647,249361,448849,2929812,AutoNation India
O278,Sneha Kumar,Assam,India,Sonet,Kia,1865273,Blue,Electric,17-02-2025,20-02-2025,EMI,Yes,44963,186527,335749,2156059,AutoNation India
O279,Sneha Sharma,Meghalaya,India,Punch,Tata,884026,Black,CNG,14-06-2025,29-06-2025,Cash,No,28049,88402,159124,1015101,AutoNation India
O280,Meena Gupta,Odisha,India,Swift,Maruti,1762811,Black,Diesel,24-03-2025,09-04-2025,EMI,No,24440,176281,317305,2055676,WheelWorld Cars
O281,Arjun Reddy,Chhattisgarh,India,Glanza,Toyota,706920,Grey,Diesel,24-09-2025,05-10-2025,EMI,No,48033,70692,127245,786132,CarZone Pvt Ltd
O282,Vikas Mehta,Gujarat,India,i20,Hyundai,2384258,White,Petrol,09-08-2025,29-08-2025,EMI,No,14872,238425,429166,2798552,WheelWorld Cars
O283,Sneha Patel,Assam,India,Elevate,Honda,1563730,Red,Petrol,29-07-2025,15-08-2025,Cash,Yes,38458,156373,281471,1806743,DriveX Showroom
O284,Amit Gupta,Arunachal Pradesh,India,Swift,Maruti,1876842,Red,Petrol,18-07-2025,25-07-2025,EMI,No,46938,187684,337831,2167735,WheelWorld Cars
O285,Sneha Sharma,Tripura,India,Bolero,Mahindra,510409,Grey,Electric,01-06-2025,06-06-2025,Loan,No,41559,51040,91873,560723,WheelWorld Cars
O286,Karan Mehta,Jharkhand,India,Brezza,Maruti,2122217,Grey,Electric,29-04-2025,17-05-2025,Cash,No,44173,212221,381999,2460043,AutoHub Motors
O287,Pooja Nair,Karnataka,India,City,Honda,1380080,Blue,Petrol,08-03-2025,26-03-2025,Cash,No,46146,138008,248414,1582348,WheelWorld Cars
O288,Pooja Verma,Punjab,India,Elevate,Honda,1862860,Silver,Petrol,07-02-2025,11-02-2025,EMI,Yes,41084,186286,335314,2157090,AutoNation India
O289,Vikas Singh,Maharashtra,India,Dzire,Maruti,1729907,Grey,Petrol,28-02-2025,18-03-2025,Cash,No,44360,172990,311383,1996930,DriveX Showroom
O290,Meena Kumar,Andhra Pradesh,India,Punch,Tata,1086934,Black,Electric,31-01-2025,19-02-2025,Cash,Yes,48410,108693,195648,1234172,AutoNation India
O291,Sneha Verma,Madhya Pradesh,India,Punch,Tata,1581934,White,Diesel,06-07-2025,13-07-2025,Cash,No,17617,158193,284748,1849065,DriveX Showroom
O292,Meena Das,Haryana,India,Amaze,Honda,747787,Blue,Electric,23-08-2025,08-09-2025,Loan,No,45332,74778,134601,837056,DriveX Showroom
O293,Pooja Das,Maharashtra,India,XUV700,Mahindra,916540,Blue,Diesel,13-10-2025,24-10-2025,Loan,Yes,37125,91654,164977,1044392,DriveX Showroom
O294,Meena Sharma,Nagaland,India,Sonet,Kia,2029807,White,Electric,16-07-2025,29-07-2025,Cash,No,38923,202980,365365,2356249,WheelWorld Cars
O295,Vikas Reddy,Rajasthan,India,Scorpio,Mahindra,1740237,Grey,CNG,11-09-2025,01-10-2025,Cash,No,31389,174023,313242,2022090,AutoNation India
O296,Vikas Nair,Meghalaya,India,Nexon,Tata,566204,Silver,Electric,29-04-2025,08-05-2025,EMI,No,37867,56620,101916,630253,CarZone Pvt Ltd
O297,Sneha Kumar,Karnataka,India,Elevate,Honda,1729390,Black,Electric,30-08-2025,16-09-2025,Loan,No,46977,172939,311290,1993703,DriveX Showroom
O298,Sneha Patel,Jharkhand,India,Harrier,Tata,692164,Black,CNG,14-03-2025,28-03-2025,Loan,Yes,13795,69216,124589,802958,DriveX Showroom
O299,Meena Sharma,Uttarakhand,India,i20,Hyundai,1242936,Black,Petrol,12-09-2025,23-09-2025,EMI,Yes,48362,124293,223728,1418302,CarZone Pvt Ltd
O300,Anjali Singh,Mizoram,India,Amaze,Honda,1981458,White,CNG,15-09-2025,28-09-2025,Loan,No,29106,198145,356662,2309014,WheelWorld Cars
O301,Priya Gupta,Rajasthan,India,XUV700,Mahindra,913348,Blue,CNG,24-08-2025,08-09-2025,Loan,No,21936,91334,164402,1055814,WheelWorld Cars
O302,Rohit Sharma,Gujarat,India,Hyryder,Toyota,791935,Blue,Electric,05-05-2025,19-05-2025,EMI,No,39433,79193,142548,895050,WheelWorld Cars
O303,Meena Kumar,Mizoram,India,Hyryder,Toyota,2382239,Grey,Petrol,12-07-2025,30-07-2025,Cash,No,16253,238223,428803,2794789,WheelWorld Cars
O304,Sneha Nair,Tamil Nadu,India,Amaze,Honda,1804450,Silver,CNG,27-02-2025,13-03-2025,Cash,Yes,16992,180445,324801,2112259,WheelWorld Cars
O305,Anjali Reddy,Haryana,India,Swift,Maruti,1711758,Silver,Electric,14-09-2025,04-10-2025,Cash,Yes,43726,171175,308116,1976148,AutoNation India
O306,Amit Kumar,Meghalaya,India,Innova,Toyota,1165424,Blue,Diesel,30-03-2025,16-04-2025,EMI,No,28432,116542,209776,1346768,CarZone Pvt Ltd
O307,Priya Gupta,Punjab,India,Seltos,Kia,1164963,Grey,Diesel,14-06-2025,26-06-2025,Cash,No,19964,116496,209693,1354692,AutoNation India
O308,Anjali Kumar,Manipur,India,City,Honda,1114396,Red,Diesel,12-05-2025,18-05-2025,EMI,No,43997,111439,200591,1270990,AutoHub Motors
O309,Meena Gupta,Andhra Pradesh,India,Carens,Kia,1064221,Blue,Diesel,24-06-2025,27-06-2025,Loan,No,25446,106422,191559,1230334,WheelWorld Cars
O310,Meena Kumar,Chhattisgarh,India,Amaze,Honda,1333215,Black,Diesel,12-08-2025,25-08-2025,Cash,Yes,17458,133321,239978,1555735,DriveX Showroom
O311,Rahul Kumar,Sikkim,India,Carens,Kia,2037523,Blue,Electric,22-04-2025,06-05-2025,Loan,No,29789,203752,366754,2374488,DriveX Showroom
O312,Rohit Verma,Meghalaya,India,Verna,Hyundai,1475247,Grey,Diesel,05-02-2025,13-02-2025,EMI,Yes,22243,147524,265544,1718548,WheelWorld Cars
O313,Amit Verma,Chhattisgarh,India,Seltos,Kia,835356,Black,Diesel,08-02-2025,23-02-2025,Loan,Yes,41281,83535,150364,944439,DriveX Showroom
O314,Pooja Nair,Sikkim,India,Scorpio,Mahindra,2390703,Silver,Petrol,12-02-2025,19-02-2025,EMI,No,18324,239070,430326,2802705,WheelWorld Cars
O315,Rahul Kumar,Gujarat,India,Amaze,Honda,1856382,Silver,Petrol,12-05-2025,31-05-2025,Loan,No,37630,185638,334148,2152900,CarZone Pvt Ltd
O316,Karan Nair,Assam,India,Amaze,Honda,1845371,Blue,Diesel,15-09-2025,03-10-2025,Loan,No,19040,184537,332166,2158497,AutoNation India
O317,Amit Singh,Himachal Pradesh,India,Glanza,Toyota,1165633,Blue,CNG,17-04-2025,01-05-2025,Cash,No,35244,116563,209813,1340202,WheelWorld Cars
O318,Rohit Reddy,Manipur,India,Punch,Tata,1637489,Silver,Electric,16-07-2025,20-07-2025,Cash,Yes,42870,163748,294748,1889367,AutoHub Motors
O319,Anjali Patel,Arunachal Pradesh,India,Dzire,Maruti,2281436,White,Diesel,18-04-2025,23-04-2025,EMI,No,20989,228143,410658,2671105,AutoHub Motors
O320,Pooja Sharma,Punjab,India,Innova,Toyota,1143812,Blue,Petrol,09-02-2025,18-02-2025,Cash,No,22621,114381,205886,1327077,AutoNation India
O321,Rohit Singh,Meghalaya,India,Seltos,Kia,2221976,Blue,Electric,24-03-2025,09-04-2025,EMI,Yes,35341,222197,399955,2586590,CarZone Pvt Ltd
O322,Anjali Kumar,Maharashtra,India,City,Honda,1879060,Red,Diesel,05-06-2025,10-06-2025,EMI,Yes,40221,187906,338230,2177069,WheelWorld Cars
O323,Pooja Das,Rajasthan,India,Verna,Hyundai,1585264,Blue,Electric,03-06-2025,09-06-2025,EMI,No,15460,158526,285347,1855151,CarZone Pvt Ltd
O324,Rohit Reddy,Punjab,India,Amaze,Honda,1016343,Silver,Diesel,16-04-2025,25-04-2025,EMI,Yes,39981,101634,182941,1159303,CarZone Pvt Ltd
O325,Meena Kumar,Kerala,India,XUV700,Mahindra,636589,Grey,Diesel,28-01-2025,05-02-2025,EMI,No,48243,63658,114586,702932,DriveX Showroom
O326,Rahul Nair,Tripura,India,Venue,Hyundai,1625804,Grey,CNG,08-01-2025,20-01-2025,EMI,No,38524,162580,292644,1879924,WheelWorld Cars
O327,Amit Gupta,Gujarat,India,Fortuner,Toyota,902055,Blue,Diesel,22-03-2025,27-03-2025,Cash,Yes,34417,90205,162369,1030007,AutoNation India
O328,Vikas Gupta,Assam,India,Swift,Maruti,663581,Red,Electric,24-01-2025,07-02-2025,EMI,No,36031,66358,119444,746994,AutoNation India
O329,Pooja Patel,Uttarakhand,India,Elevate,Honda,1789485,Silver,Petrol,26-05-2025,30-05-2025,EMI,Yes,21770,178948,322107,2089822,AutoNation India
O330,Anjali Verma,Mizoram,India,Verna,Hyundai,1212982,White,CNG,12-05-2025,15-05-2025,Cash,No,26414,121298,218336,1404904,CarZone Pvt Ltd
O331,Rahul Nair,Mizoram,India,XUV700,Mahindra,2428391,Grey,Diesel,05-07-2025,12-07-2025,Loan,Yes,32939,242839,437110,2832562,WheelWorld Cars
O332,Priya Verma,Punjab,India,Carens,Kia,881212,Silver,Petrol,21-10-2025,03-11-2025,Cash,Yes,42373,88121,158618,997457,WheelWorld Cars
O333,Rohit Gupta,Telangana,India,Hyryder,Toyota,840022,Red,Diesel,07-06-2025,16-06-2025,EMI,Yes,20258,84002,151203,970967,AutoNation India
O334,Rahul Verma,Odisha,India,XUV700,Mahindra,2181018,Blue,Petrol,15-07-2025,22-07-2025,Loan,No,45337,218101,392583,2528264,AutoHub Motors
O335,Meena Sharma,Chhattisgarh,India,Bolero,Mahindra,903076,Blue,CNG,13-02-2025,17-02-2025,EMI,No,38893,90307,162553,1026736,AutoNation India
O336,Vikas Verma,Punjab,India,XUV700,Mahindra,2074054,Blue,CNG,10-10-2025,21-10-2025,Loan,Yes,19275,207405,373329,2428108,DriveX Showroom
O337,Amit Gupta,Bihar,India,Altroz,Tata,1551848,Silver,Electric,01-04-2025,11-04-2025,EMI,Yes,18665,155184,279332,1812515,DriveX Showroom
O338,Anjali Sharma,Rajasthan,India,Elevate,Honda,1087825,Grey,Diesel,06-05-2025,19-05-2025,Loan,No,33026,108782,195808,1250607,WheelWorld Cars
O339,Vikas Singh,Meghalaya,India,XUV700,Mahindra,2359284,Grey,Electric,11-01-2025,18-01-2025,Loan,No,37749,235928,424671,2746206,AutoHub Motors
O340,Pooja Kumar,West Bengal,India,Verna,Hyundai,1556307,Silver,Electric,01-01-2025,21-01-2025,EMI,Yes,10675,155630,280135,1825767,WheelWorld Cars
O341,Pooja Reddy,Kerala,India,Hyryder,Toyota,2108543,Grey,Electric,04-05-2025,23-05-2025,Cash,No,26502,210854,379537,2461578,AutoHub Motors
O342,Rahul Sharma,Odisha,India,Swift,Maruti,1954130,Blue,CNG,14-02-2025,24-02-2025,Loan,Yes,48897,195413,351743,2256976,CarZone Pvt Ltd
O343,Pooja Gupta,Punjab,India,Nexon,Tata,2440011,Blue,Petrol,16-09-2025,22-09-2025,Cash,Yes,30868,244001,439201,2848344,WheelWorld Cars
O344,Anjali Reddy,Gujarat,India,Seltos,Kia,2391939,White,Diesel,13-05-2025,26-05-2025,Cash,Yes,35861,239193,430549,2786627,CarZone Pvt Ltd
O345,Arjun Kumar,Chhattisgarh,India,Fortuner,Toyota,681650,White,Electric,03-05-2025,15-05-2025,EMI,Yes,34117,68165,122697,770230,WheelWorld Cars
O346,Arjun Mehta,Andhra Pradesh,India,Amaze,Honda,1555637,Red,Diesel,29-09-2025,07-10-2025,EMI,Yes,14058,155563,280014,1821593,WheelWorld Cars
O347,Arjun Singh,Karnataka,India,Baleno,Maruti,1826550,Red,Electric,21-04-2025,28-04-2025,Loan,Yes,44384,182655,328779,2110945,AutoNation India
O348,Priya Kumar,Haryana,India,Innova,Toyota,719377,Silver,Electric,12-03-2025,01-04-2025,Loan,Yes,17258,71937,129487,831606,CarZone Pvt Ltd
O349,Pooja Das,West Bengal,India,XUV700,Mahindra,1894805,Grey,Electric,20-09-2025,09-10-2025,Cash,Yes,28995,189480,341064,2206874,AutoNation India
O350,Vikas Verma,Uttarakhand,India,Glanza,Toyota,882810,Blue,Electric,15-04-2025,02-05-2025,Loan,Yes,44476,88281,158905,997239,WheelWorld Cars
O351,Meena Sharma,Gujarat,India,Amaze,Honda,1579918,White,CNG,12-03-2025,27-03-2025,EMI,No,12068,157991,284385,1852235,AutoNation India
O352,Anjali Verma,Goa,India,Swift,Maruti,1561830,Grey,Petrol,24-09-2025,12-10-2025,Cash,Yes,43121,156183,281129,1799838,CarZone Pvt Ltd
O353,Pooja Verma,Tamil Nadu,India,Punch,Tata,1940863,White,Diesel,08-09-2025,11-09-2025,Cash,No,27661,194086,349355,2262557,AutoNation India
O354,Karan Mehta,Meghalaya,India,Carens,Kia,2238600,Red,Electric,25-04-2025,11-05-2025,EMI,No,39851,223860,402948,2601697,DriveX Showroom
O355,Amit Nair,Tripura,India,Verna,Hyundai,877001,Red,Petrol,03-09-2025,09-09-2025,Cash,No,40910,87700,157860,993951,DriveX Showroom
O356,Pooja Kumar,Chhattisgarh,India,Bolero,Mahindra,1735179,Black,Diesel,25-09-2025,06-10-2025,Loan,No,17897,173517,312332,2029614,DriveX Showroom
O357,Pooja Patel,Uttar Pradesh,India,Nexon,Tata,1096831,Blue,CNG,08-06-2025,22-06-2025,Loan,Yes,28555,109683,197429,1265705,AutoNation India
O358,Pooja Das,Uttarakhand,India,Innova,Toyota,2042755,Black,Electric,19-10-2025,30-10-2025,Loan,Yes,23998,204275,367695,2386452,WheelWorld Cars
O359,Anjali Singh,Arunachal Pradesh,India,Thar,Mahindra,1433514,Red,Petrol,04-02-2025,11-02-2025,Loan,No,21580,143351,258032,1669966,WheelWorld Cars
O360,Arjun Kumar,Uttarakhand,India,Glanza,Toyota,2126360,Blue,Diesel,26-08-2025,07-09-2025,EMI,No,12133,212636,382744,2496971,AutoHub Motors
O361,Amit Singh,Odisha,India,Punch,Tata,736360,White,Electric,01-04-2025,14-04-2025,Loan,Yes,20400,73636,132544,848504,AutoNation India
O362,Pooja Das,Arunachal Pradesh,India,Dzire,Maruti,1757718,White,CNG,29-01-2025,02-02-2025,Loan,Yes,41548,175771,316389,2032559,AutoNation India
O363,Meena Verma,Gujarat,India,Punch,Tata,741964,Blue,Petrol,01-10-2025,20-10-2025,Loan,Yes,32171,74196,133553,843346,CarZone Pvt Ltd
O364,Rahul Singh,Punjab,India,Seltos,Kia,1156448,White,Electric,16-06-2025,20-06-2025,Cash,Yes,17175,115644,208160,1347433,DriveX Showroom
O365,Arjun Singh,Rajasthan,India,Seltos,Kia,866585,Black,CNG,19-07-2025,03-08-2025,Loan,No,48491,86658,155985,974079,WheelWorld Cars
O366,Neha Mehta,Nagaland,India,Fortuner,Toyota,2450972,Silver,CNG,13-02-2025,03-03-2025,Loan,No,12441,245097,441174,2879705,CarZone Pvt Ltd
O367,Priya Kumar,Bihar,India,Punch,Tata,1531129,Black,Petrol,07-04-2025,25-04-2025,Loan,Yes,44188,153112,275603,1762544,DriveX Showroom
O368,Anjali Gupta,Haryana,India,Venue,Hyundai,665426,White,Petrol,21-08-2025,28-08-2025,Loan,No,12289,66542,119776,772913,AutoHub Motors
O369,Vikas Gupta,West Bengal,India,Venue,Hyundai,1526406,Grey,Electric,24-01-2025,30-01-2025,EMI,No,11704,152640,274753,1789455,AutoHub Motors
O370,Neha Das,Telangana,India,Sonet,Kia,2384337,Blue,CNG,01-07-2025,16-07-2025,EMI,No,31261,238433,429180,2782256,WheelWorld Cars
O371,Priya Reddy,Mizoram,India,Elevate,Honda,623181,Black,CNG,13-01-2025,29-01-2025,Loan,Yes,10835,62318,112172,724518,WheelWorld Cars
O372,Arjun Sharma,Sikkim,India,Creta,Hyundai,1879252,Grey,Petrol,30-05-2025,07-06-2025,EMI,Yes,37065,187925,338265,2180452,AutoHub Motors
O373,Arjun Nair,Meghalaya,India,Carens,Kia,894004,Blue,Electric,12-09-2025,25-09-2025,Cash,No,34523,89400,160920,1020401,DriveX Showroom
O374,Sneha Gupta,Arunachal Pradesh,India,Sonet,Kia,1737291,Blue,Diesel,18-05-2025,05-06-2025,EMI,Yes,47757,173729,312712,2002246,CarZone Pvt Ltd
O375,Priya Mehta,Gujarat,India,Amaze,Honda,1155868,Grey,Petrol,27-02-2025,05-03-2025,EMI,Yes,34498,115586,208056,1329426,AutoHub Motors
O376,Neha Patel,Gujarat,India,Punch,Tata,1001774,White,Electric,10-07-2025,16-07-2025,Loan,No,27002,100177,180319,1155091,WheelWorld Cars
O377,Pooja Kumar,Kerala,India,Altroz,Tata,1569375,Silver,CNG,14-06-2025,17-06-2025,Cash,Yes,20294,156937,282487,1831568,CarZone Pvt Ltd
O378,Arjun Sharma,Chhattisgarh,India,Altroz,Tata,1317626,Blue,Diesel,21-06-2025,27-06-2025,EMI,No,13872,131762,237172,1540926,WheelWorld Cars
O379,Karan Nair,Haryana,India,Innova,Toyota,1688633,Grey,Electric,25-05-2025,28-05-2025,Loan,Yes,19484,168863,303953,1973102,DriveX Showroom
O380,Amit Verma,Andhra Pradesh,India,Fortuner,Toyota,2091277,Black,CNG,07-07-2025,26-07-2025,Loan,No,32829,209127,376429,2434877,DriveX Showroom
O381,Pooja Reddy,Nagaland,India,Creta,Hyundai,1550129,Black,Petrol,28-02-2025,05-03-2025,Loan,Yes,30379,155012,279023,1798773,AutoHub Motors
O382,Arjun Verma,Meghalaya,India,Dzire,Maruti,879259,Red,Diesel,13-09-2025,30-09-2025,Loan,Yes,35595,87925,158266,1001930,AutoHub Motors
O383,Meena Kumar,Uttarakhand,India,Bolero,Mahindra,970404,Black,Petrol,09-04-2025,19-04-2025,Loan,Yes,20739,97040,174672,1124337,AutoHub Motors
O384,Karan Patel,Tripura,India,Elevate,Honda,723446,White,Diesel,08-03-2025,23-03-2025,Loan,No,20444,72344,130220,833222,CarZone Pvt Ltd
O385,Pooja Nair,Karnataka,India,Nexon,Tata,1432906,Blue,Diesel,05-07-2025,18-07-2025,Cash,Yes,15974,143290,257923,1674855,AutoNation India
O386,Rahul Mehta,Arunachal Pradesh,India,Dzire,Maruti,2228327,Grey,Electric,08-10-2025,19-10-2025,Loan,Yes,48785,222832,401098,2580640,DriveX Showroom
O387,Karan Patel,Arunachal Pradesh,India,Scorpio,Mahindra,1204950,White,CNG,05-02-2025,16-02-2025,Cash,No,32340,120495,216891,1389501,AutoHub Motors
O388,Arjun Patel,Tripura,India,Harrier,Tata,1758922,Black,CNG,28-08-2025,06-09-2025,Cash,No,20074,175892,316605,2055453,WheelWorld Cars
O389,Amit Reddy,Telangana,India,XUV700,Mahindra,1969857,Black,Diesel,21-02-2025,05-03-2025,Cash,Yes,33999,196985,354574,2290432,DriveX Showroom
O390,Vikas Gupta,Goa,India,Nexon,Tata,1430365,Red,Diesel,23-05-2025,08-06-2025,Loan,Yes,24247,143036,257465,1663583,AutoHub Motors
O391,Anjali Sharma,Chhattisgarh,India,Altroz,Tata,916479,Black,Electric,06-08-2025,11-08-2025,Cash,Yes,13631,91647,164966,1067814,CarZone Pvt Ltd
O392,Vikas Reddy,Kerala,India,Altroz,Tata,638368,Grey,Petrol,23-07-2025,28-07-2025,Cash,No,34652,63836,114906,718622,CarZone Pvt Ltd
O393,Rahul Sharma,Bihar,India,Bolero,Mahindra,1829472,White,Diesel,09-03-2025,28-03-2025,EMI,No,40625,182947,329304,2118151,DriveX Showroom
O394,Vikas Das,Karnataka,India,Glanza,Toyota,2328971,White,Diesel,01-07-2025,20-07-2025,Loan,No,13242,232897,419214,2734943,CarZone Pvt Ltd
O395,Rahul Sharma,Rajasthan,India,Punch,Tata,948316,Silver,Petrol,19-04-2025,07-05-2025,EMI,Yes,32498,94831,170696,1086514,WheelWorld Cars
O396,Pooja Das,Himachal Pradesh,India,Venue,Hyundai,2322797,Silver,Diesel,16-07-2025,05-08-2025,Loan,No,26715,232279,418103,2714185,AutoHub Motors
O397,Pooja Das,Assam,India,Fortuner,Toyota,1905356,Black,CNG,18-10-2025,07-11-2025,Loan,No,30265,190535,342964,2218055,AutoHub Motors
O398,Meena Singh,Andhra Pradesh,India,Creta,Hyundai,675500,Red,CNG,30-03-2025,19-04-2025,Loan,No,28878,67550,121590,768212,DriveX Showroom
O399,Neha Patel,Sikkim,India,Hyryder,Toyota,2148670,Blue,CNG,13-07-2025,21-07-2025,Loan,No,14538,214867,386760,2520892,CarZone Pvt Ltd
O400,Amit Verma,West Bengal,India,Sonet,Kia,1802323,Grey,Diesel,02-10-2025,05-10-2025,Loan,Yes,31693,180232,324418,2095048,AutoHub Motors
O401,Karan Mehta,Gujarat,India,Glanza,Toyota,1470576,Black,Diesel,12-06-2025,01-07-2025,EMI,Yes,38813,147057,264703,1696466,CarZone Pvt Ltd
O402,Rahul Reddy,Uttar Pradesh,India,Sonet,Kia,944202,Red,Diesel,26-08-2025,08-09-2025,Loan,No,43753,94420,169956,1070405,AutoNation India
O403,Neha Das,Himachal Pradesh,India,Seltos,Kia,2306100,Grey,Diesel,24-01-2025,03-02-2025,EMI,No,15219,230610,415098,2705979,AutoHub Motors
O404,Rahul Gupta,Manipur,India,Punch,Tata,1228245,White,CNG,13-06-2025,01-07-2025,EMI,Yes,26654,122824,221084,1422675,AutoHub Motors
O405,Karan Kumar,Kerala,India,Carens,Kia,805487,Grey,Electric,17-06-2025,28-06-2025,Cash,Yes,19352,80548,144987,931122,AutoNation India
O406,Priya Verma,Bihar,India,Harrier,Tata,1788483,Black,Diesel,06-06-2025,26-06-2025,EMI,Yes,10965,178848,321926,2099444,CarZone Pvt Ltd
O407,Rohit Mehta,Rajasthan,India,Verna,Hyundai,1890043,Silver,Diesel,12-08-2025,30-08-2025,Loan,No,38356,189004,340207,2191894,WheelWorld Cars
O408,Pooja Mehta,Telangana,India,Brezza,Maruti,1605932,White,Diesel,29-04-2025,02-05-2025,Cash,No,22744,160593,289067,1872255,AutoHub Motors
O409,Anjali Sharma,Jharkhand,India,Harrier,Tata,2461828,Grey,Electric,24-08-2025,03-09-2025,EMI,Yes,33643,246182,443129,2871314,AutoHub Motors
O410,Arjun Singh,Andhra Pradesh,India,Innova,Toyota,2146881,Silver,Petrol,09-04-2025,22-04-2025,Cash,Yes,34415,214688,386438,2498904,DriveX Showroom
O411,Sneha Das,Uttar Pradesh,India,Thar,Mahindra,2281955,Silver,Petrol,03-04-2025,10-04-2025,Cash,Yes,13298,228195,410751,2679408,WheelWorld Cars
O412,Neha Reddy,Manipur,India,Bolero,Mahindra,1926017,Silver,Electric,26-07-2025,04-08-2025,Loan,Yes,41269,192601,346683,2231431,AutoNation India
O413,Rahul Gupta,Assam,India,Creta,Hyundai,533842,Red,Electric,19-02-2025,02-03-2025,Cash,No,15769,53384,96091,614164,AutoHub Motors
O414,Pooja Kumar,Madhya Pradesh,India,Thar,Mahindra,2352083,White,CNG,18-05-2025,24-05-2025,Cash,No,36895,235208,423374,2738562,WheelWorld Cars
O415,Pooja Sharma,Manipur,India,Bolero,Mahindra,598759,Blue,Petrol,25-09-2025,02-10-2025,EMI,No,25353,59875,107776,681182,AutoHub Motors
O416,Priya Singh,Mizoram,India,City,Honda,944977,Silver,Electric,30-04-2025,18-05-2025,Cash,No,35926,94497,170095,1079146,WheelWorld Cars
O417,Priya Verma,Haryana,India,Hyryder,Toyota,1746912,Black,Diesel,04-08-2025,23-08-2025,Cash,No,10240,174691,314444,2051116,WheelWorld Cars
O418,Rohit Sharma,Gujarat,India,Glanza,Toyota,770228,Blue,Electric,02-01-2025,21-01-2025,EMI,No,25922,77022,138641,882947,CarZone Pvt Ltd
O419,Neha Nair,Uttar Pradesh,India,Verna,Hyundai,1556856,Silver,Diesel,14-09-2025,27-09-2025,Loan,Yes,35837,155685,280234,1801253,DriveX Showroom
O420,Rohit Nair,Rajasthan,India,Baleno,Maruti,1942644,Blue,Diesel,29-03-2025,12-04-2025,Loan,Yes,22875,194264,349675,2269444,AutoHub Motors
O421,Vikas Mehta,Chhattisgarh,India,Nexon,Tata,1540409,White,Diesel,04-09-2025,08-09-2025,Cash,Yes,19772,154040,277273,1797910,WheelWorld Cars
O422,Amit Das,Arunachal Pradesh,India,Venue,Hyundai,752117,Silver,Diesel,30-04-2025,13-05-2025,EMI,No,20826,75211,135381,866672,WheelWorld Cars
O423,Rohit Nair,Tamil Nadu,India,Glanza,Toyota,709344,Blue,Petrol,28-03-2025,16-04-2025,Cash,No,31512,70934,127681,805513,CarZone Pvt Ltd
O424,Anjali Das,Jharkhand,India,Innova,Toyota,521124,Silver,Petrol,18-08-2025,22-08-2025,Cash,Yes,35554,52112,93802,579372,CarZone Pvt Ltd
O425,Neha Gupta,Chhattisgarh,India,Creta,Hyundai,1492493,Black,Petrol,20-04-2025,29-04-2025,Loan,No,29151,149249,268648,1731990,CarZone Pvt Ltd
O426,Amit Sharma,Uttarakhand,India,City,Honda,1558507,White,Electric,15-09-2025,05-10-2025,Cash,Yes,13442,155850,280531,1825596,DriveX Showroom
O427,Amit Singh,Jharkhand,India,Hyryder,Toyota,1183482,Grey,Electric,20-04-2025,29-04-2025,Loan,Yes,49041,118348,213026,1347467,AutoHub Motors
O428,Arjun Kumar,Madhya Pradesh,India,Amaze,Honda,1622558,Grey,Petrol,28-02-2025,15-03-2025,EMI,Yes,48932,162255,292060,1865686,AutoNation India
O429,Karan Mehta,Bihar,India,Thar,Mahindra,2377722,Red,Petrol,03-03-2025,10-03-2025,Loan,No,35422,237772,427989,2770289,AutoNation India
O430,Arjun Mehta,Jharkhand,India,Seltos,Kia,1236803,Black,Diesel,26-01-2025,02-02-2025,Loan,No,15097,123680,222624,1444330,DriveX Showroom
O431,Rahul Singh,Telangana,India,Altroz,Tata,1145197,White,CNG,05-01-2025,09-01-2025,EMI,Yes,49569,114519,206135,1301763,WheelWorld Cars
O432,Vikas Verma,Himachal Pradesh,India,XUV700,Mahindra,1941576,Grey,Petrol,19-09-2025,23-09-2025,Loan,No,35157,194157,349483,2255902,WheelWorld Cars
O433,Meena Patel,Gujarat,India,XUV700,Mahindra,1176348,Grey,Diesel,28-04-2025,02-05-2025,Loan,No,27821,117634,211742,1360269,AutoNation India
O434,Pooja Kumar,Karnataka,India,i20,Hyundai,2228565,Red,Electric,25-08-2025,29-08-2025,EMI,Yes,12307,222856,401141,2617399,CarZone Pvt Ltd
O435,Vikas Das,Uttarakhand,India,Brezza,Maruti,1149872,Red,CNG,15-03-2025,04-04-2025,EMI,Yes,33592,114987,206976,1323256,DriveX Showroom
O436,Arjun Singh,Bihar,India,Sonet,Kia,1993915,White,Petrol,25-01-2025,12-02-2025,Cash,No,23371,199391,358904,2329448,DriveX Showroom
O437,Rohit Gupta,Tripura,India,Venue,Hyundai,1300953,Black,Electric,20-06-2025,10-07-2025,EMI,No,12884,130095,234171,1522240,WheelWorld Cars
O438,Arjun Verma,Manipur,India,Dzire,Maruti,1076667,Blue,CNG,04-05-2025,13-05-2025,EMI,No,13852,107666,193800,1256615,AutoNation India
O439,Neha Nair,Kerala,India,XUV700,Mahindra,2237821,Black,Petrol,04-03-2025,12-03-2025,Loan,Yes,17216,223782,402807,2623412,AutoNation India
O440,Pooja Patel,Rajasthan,India,Elevate,Honda,737364,White,Electric,07-04-2025,14-04-2025,Cash,No,21469,73736,132725,848620,CarZone Pvt Ltd
O441,Vikas Singh,Gujarat,India,Glanza,Toyota,732830,Grey,Diesel,23-05-2025,07-06-2025,Loan,Yes,25802,73283,131909,838937,WheelWorld Cars
O442,Amit Das,Sikkim,India,Hyryder,Toyota,712788,White,CNG,23-05-2025,11-06-2025,Cash,Yes,15705,71278,128301,825384,CarZone Pvt Ltd
O443,Pooja Singh,Uttarakhand,India,Sonet,Kia,1568775,Black,Electric,25-08-2025,07-09-2025,Cash,No,33032,156877,282379,1818122,CarZone Pvt Ltd
O444,Amit Verma,Rajasthan,India,i20,Hyundai,709723,Red,CNG,17-04-2025,06-05-2025,EMI,No,10162,70972,127750,827311,DriveX Showroom
O445,Rohit Nair,Karnataka,India,Innova,Toyota,1707504,Grey,Electric,09-10-2025,15-10-2025,Loan,Yes,31441,170750,307350,1983413,AutoHub Motors
O446,Karan Kumar,Assam,India,Carens,Kia,1370315,White,Electric,24-03-2025,05-04-2025,Loan,No,20278,137031,246656,1596693,WheelWorld Cars
O447,Karan Kumar,Nagaland,India,Verna,Hyundai,928245,Grey,CNG,12-04-2025,24-04-2025,Cash,Yes,12057,92824,167084,1083272,DriveX Showroom
O448,Rahul Singh,Uttarakhand,India,Scorpio,Mahindra,2161543,Blue,CNG,14-01-2025,02-02-2025,EMI,Yes,24832,216154,389077,2525788,DriveX Showroom
O449,Anjali Reddy,Odisha,India,i20,Hyundai,1130082,Red,Diesel,16-10-2025,25-10-2025,Loan,No,36305,113008,203414,1297191,CarZone Pvt Ltd
O450,Pooja Gupta,Telangana,India,Elevate,Honda,2402042,Red,CNG,13-01-2025,28-01-2025,Loan,Yes,33329,240204,432367,2801080,CarZone Pvt Ltd
O451,Anjali Nair,Kerala,India,Hyryder,Toyota,1315538,White,Diesel,23-03-2025,02-04-2025,Loan,Yes,37788,131553,236796,1514546,WheelWorld Cars
O452,Amit Kumar,Uttar Pradesh,India,Baleno,Maruti,2271803,Silver,Petrol,26-08-2025,15-09-2025,EMI,No,32052,227180,408924,2648675,AutoHub Motors
O453,Rohit Kumar,Meghalaya,India,Sonet,Kia,971198,Silver,Diesel,02-08-2025,09-08-2025,Cash,Yes,26690,97119,174815,1119323,AutoHub Motors
O454,Sneha Gupta,Rajasthan,India,Amaze,Honda,2281852,White,CNG,15-08-2025,26-08-2025,EMI,No,23446,228185,410733,2669139,WheelWorld Cars
O455,Vikas Nair,Madhya Pradesh,India,City,Honda,2465152,Silver,Diesel,18-05-2025,27-05-2025,Loan,No,10468,246515,443727,2898411,DriveX Showroom
O456,Arjun Reddy,Karnataka,India,Creta,Hyundai,1322920,White,Diesel,10-08-2025,18-08-2025,Cash,Yes,38550,132292,238125,1522495,WheelWorld Cars
O457,Priya Gupta,Goa,India,Verna,Hyundai,1582365,Red,Petrol,22-02-2025,28-02-2025,Loan,Yes,35319,158236,284825,1831871,AutoHub Motors
O458,Priya Patel,West Bengal,India,Elevate,Honda,1291203,Grey,Diesel,21-03-2025,31-03-2025,Cash,No,27263,129120,232416,1496356,AutoNation India
O459,Sneha Nair,Himachal Pradesh,India,Punch,Tata,1070178,Grey,Electric,09-01-2025,27-01-2025,Loan,No,27685,107017,192632,1235125,DriveX Showroom
O460,Neha Nair,Himachal Pradesh,India,Harrier,Tata,1345628,Red,Petrol,18-06-2025,30-06-2025,EMI,Yes,28068,134562,242213,1559773,WheelWorld Cars
O461,Vikas Reddy,Telangana,India,XUV700,Mahindra,1061112,Red,CNG,11-09-2025,25-09-2025,Cash,Yes,37887,106111,191000,1214225,CarZone Pvt Ltd
O462,Rahul Nair,Tripura,India,Amaze,Honda,1173525,Black,Electric,16-02-2025,01-03-2025,Cash,No,37858,117352,211234,1346901,AutoNation India
O463,Arjun Reddy,Uttar Pradesh,India,Venue,Hyundai,885177,Blue,Electric,20-03-2025,06-04-2025,Cash,No,26294,88517,159331,1018214,DriveX Showroom
O464,Neha Verma,Andhra Pradesh,India,Elevate,Honda,1736561,White,Petrol,21-08-2025,08-09-2025,Loan,Yes,32707,173656,312580,2016434,AutoHub Motors
O465,Karan Gupta,Punjab,India,Swift,Maruti,623663,Red,CNG,11-03-2025,27-03-2025,Cash,No,14153,62366,112259,721769,WheelWorld Cars
O466,Vikas Nair,Himachal Pradesh,India,Bolero,Mahindra,968325,Blue,Electric,24-01-2025,11-02-2025,Cash,No,11503,96832,174298,1131120,WheelWorld Cars
O467,Priya Nair,Meghalaya,India,Carens,Kia,509577,Red,Diesel,21-05-2025,31-05-2025,Loan,Yes,33386,50957,91723,567914,AutoHub Motors
O468,Vikas Patel,Sikkim,India,Sonet,Kia,2386322,Red,CNG,21-07-2025,06-08-2025,Loan,No,42747,238632,429537,2773112,DriveX Showroom
O469,Meena Gupta,Chhattisgarh,India,Sonet,Kia,677886,White,CNG,01-03-2025,14-03-2025,Loan,No,38000,67788,122019,761905,AutoHub Motors
O470,Priya Kumar,Kerala,India,Bolero,Mahindra,2285358,Red,Petrol,09-03-2025,28-03-2025,EMI,No,11827,228535,411364,2684895,AutoHub Motors
O471,Anjali Kumar,Assam,India,Fortuner,Toyota,2355369,Black,Diesel,27-06-2025,08-07-2025,Cash,No,11445,235536,423966,2767890,AutoHub Motors
O472,Priya Nair,Himachal Pradesh,India,Venue,Hyundai,703595,Grey,Electric,21-02-2025,06-03-2025,EMI,Yes,40187,70359,126647,790055,AutoNation India
O473,Meena Verma,West Bengal,India,Venue,Hyundai,2281578,Black,Electric,08-02-2025,20-02-2025,Loan,Yes,14548,228157,410684,2677714,AutoNation India
O474,Karan Patel,Andhra Pradesh,India,Innova,Toyota,535268,Silver,CNG,17-08-2025,01-09-2025,EMI,Yes,41503,53526,96348,590113,WheelWorld Cars
O475,Rahul Nair,Karnataka,India,Venue,Hyundai,1603099,Blue,CNG,24-03-2025,06-04-2025,Cash,Yes,34872,160309,288557,1856784,CarZone Pvt Ltd
O476,Karan Patel,West Bengal,India,Innova,Toyota,789128,Blue,Electric,19-01-2025,01-02-2025,Cash,No,10584,78912,142043,920587,DriveX Showroom
O477,Priya Gupta,Bihar,India,Creta,Hyundai,1901284,White,Electric,16-09-2025,26-09-2025,Loan,Yes,30593,190128,342231,2212922,CarZone Pvt Ltd
O478,Amit Verma,Haryana,India,Dzire,Maruti,1051787,Blue,Electric,28-04-2025,05-05-2025,Cash,Yes,46980,105178,189321,1194128,AutoHub Motors
O479,Neha Kumar,Uttarakhand,India,Venue,Hyundai,939222,Red,Petrol,30-05-2025,09-06-2025,Loan,Yes,39722,93922,169059,1068559,WheelWorld Cars
O480,Amit Kumar,Telangana,India,Hyryder,Toyota,1685437,Black,Diesel,16-08-2025,27-08-2025,EMI,No,36041,168543,303378,1952774,DriveX Showroom
O481,Pooja Mehta,Kerala,India,i20,Hyundai,614307,Black,Electric,05-07-2025,13-07-2025,Cash,Yes,16497,61430,110575,708385,DriveX Showroom
O482,Karan Patel,Tamil Nadu,India,Seltos,Kia,2209216,Black,Diesel,06-05-2025,20-05-2025,Cash,Yes,16034,220921,397658,2590840,AutoHub Motors
O483,Neha Mehta,Sikkim,India,Punch,Tata,1981457,Red,CNG,27-10-2025,12-11-2025,Cash,No,29435,198145,356662,2308684,CarZone Pvt Ltd
O484,Rohit Verma,Kerala,India,Nexon,Tata,1700163,Grey,Petrol,11-08-2025,16-08-2025,EMI,Yes,13676,170016,306029,1992516,AutoNation India
O485,Meena Reddy,Manipur,India,Amaze,Honda,874880,Silver,CNG,10-08-2025,28-08-2025,EMI,No,13445,87488,157478,1018913,AutoNation India
O486,Rohit Verma,Mizoram,India,Fortuner,Toyota,506718,Red,Electric,13-10-2025,02-11-2025,Cash,No,25698,50671,91209,572229,CarZone Pvt Ltd
O487,Rohit Singh,Gujarat,India,Swift,Maruti,2466936,White,CNG,24-08-2025,29-08-2025,EMI,No,46824,246693,444048,2864160,CarZone Pvt Ltd
O488,Meena Gupta,Bihar,India,Seltos,Kia,2059739,Red,Petrol,29-07-2025,15-08-2025,Cash,No,24378,205973,370753,2406114,AutoNation India
O489,Sneha Sharma,Chhattisgarh,India,Glanza,Toyota,1805255,Grey,Electric,12-03-2025,26-03-2025,EMI,Yes,16562,180525,324945,2113638,WheelWorld Cars
O490,Sneha Kumar,Manipur,India,Swift,Maruti,679515,Silver,CNG,29-08-2025,08-09-2025,EMI,No,33443,67951,122312,768384,AutoHub Motors
O491,Meena Das,Himachal Pradesh,India,Punch,Tata,2199584,Grey,Electric,05-10-2025,08-10-2025,Loan,No,39223,219958,395925,2556286,CarZone Pvt Ltd
O492,Meena Sharma,Odisha,India,Bolero,Mahindra,2413947,Grey,Petrol,29-05-2025,01-06-2025,Loan,Yes,29071,241394,434510,2819386,AutoNation India
O493,Vikas Das,West Bengal,India,Sonet,Kia,1557192,Black,Diesel,23-06-2025,13-07-2025,EMI,No,37382,155719,280294,1800104,CarZone Pvt Ltd
O494,Arjun Singh,Madhya Pradesh,India,City,Honda,870258,Grey,CNG,08-06-2025,12-06-2025,Cash,No,40748,87025,156646,986156,AutoNation India
O495,Rohit Singh,Meghalaya,India,Hyryder,Toyota,730874,Black,Petrol,05-05-2025,18-05-2025,Cash,Yes,17187,73087,131557,845244,CarZone Pvt Ltd
O496,Arjun Verma,Jharkhand,India,Dzire,Maruti,2273116,White,CNG,25-10-2025,05-11-2025,Cash,Yes,26135,227311,409160,2656141,WheelWorld Cars
O497,Pooja Gupta,Telangana,India,Brezza,Maruti,2335461,Silver,Petrol,30-03-2025,09-04-2025,Cash,Yes,43439,233546,420382,2712404,CarZone Pvt Ltd
O498,Amit Mehta,Goa,India,i20,Hyundai,1432639,Grey,Petrol,11-10-2025,16-10-2025,Loan,No,14873,143263,257875,1675641,CarZone Pvt Ltd
O499,Vikas Patel,Tamil Nadu,India,Verna,Hyundai,1947600,Blue,Petrol,15-02-2025,02-03-2025,EMI,No,18050,194760,350568,2280118,AutoNation India
O500,Sneha Gupta,Tripura,India,XUV700,Mahindra,746667,Silver,Electric,01-02-2025,21-02-2025,EMI,No,30081,74666,134400,850986,DriveX Showroom
